metric,Naive,LastWeek,LastMonth,LastYear,AutoETS,AutoARIMA
bias,0.02254827047547264,-0.01749221550832506,-0.026099782564030546,-0.007302196522201399,-0.030210599929550736,-0.021501082619373432
mae,0.13551971089396755,0.13511955386564986,0.16536381211438056,0.17658647365728508,0.12185067592266915,0.11497218856649101
mape,0.2699476169895925,0.23889079590472057,0.3059842732903109,0.31629897099694226,0.21700549797092786,0.2014390143147713
rmse,0.16540286657381262,0.1677327952695732,0.20354187840435387,0.21556553524180205,0.14597506305184774,0.1365471341805829
